{
  "Germany": 1.232804233,
  "Austria": 1.991452991,
  "France": 1.438271605,
  "Switzerland": 1.331428571,
  "Great Britain": 4.236363636,
  "Estonia": 7.28125,
  "Greece": 58.25,
  "Norway": 2.9125,
  "Sweden": 2.118181818,
  "Japan": 1.941666667,
  "China": 1.849206349,
  "South Korea": 3.281690141,
  "Czech Republic": 2.043859649,
  "Spain": 11.65,
  "Canada": 1.10952381,
  "USA": 1.0,
  "Italy": 1.18877551,
  "Australia": 4.314814815,
  "Finland": 2.262135922,
  "AIN": 11.65,
  "Denmark": 5.974358974,
  "Netherlands": 5.974358974,
  "Poland": 3.883333333,
  "New Zealand": 13.70588235,
  "Slovenia": 6.297297297,
  "Belgium": 7.766666667,
  "Croatia": 16.64285714,
  "Chinese Taipei": 29.125,
  "Latvia": 3.426470588,
  "Bulgaria": 11.65,
  "Kazakhstan": 6.472222222,
  "Brazil": 15.53333333,
  "Georgia": 29.125
}